customer_id,customer_name,gender,age_group,city,state,region,signup_date,membership_type
CUST0001,Ravi Nair,Male,26-35,Delhi,Delhi,North,2022-08-17,New User
CUST0002,Ajay Reddy,Male,18-25,Patna,Bihar,East,2022-02-02,Regular
CUST0003,Vikram Mehta,Male,26-35,Hyderabad,Telangana,South,2023-07-29,New User
CUST0004,Kavya Chowdhury,Female,18-25,Gurugram,Haryana,North,2024-04-08,Regular
CUST0005,Ritika Nair,Female,36-45,Mumbai,Maharashtra,West,2022-08-09,Regular
CUST0006,Varun Verma,Male,36-45,Kolkata,West Bengal,East,2024-05-17,New User
CUST0007,Sneha Chowdhury,Female,18-25,Vijayawada,Andhra Pradesh,South,2023-01-23,New User
CUST0008,Isha Mishra,Female,18-25,Ahmedabad,Gujarat,West,2023-12-23,Regular
CUST0009,Rohit Reddy,Male,18-25,Delhi,Delhi,North,2024-06-06,Plus Member
CUST0010,Sanjana Mishra,Female,36-45,Pune,Maharashtra,West,2023-01-15,Regular
CUST0011,Anjali Khan,Female,26-35,Pune,Maharashtra,West,2023-07-01,Regular
CUST0012,Lakshmi Nair,Female,36-45,Delhi,Delhi,North,2023-12-03,Regular
CUST0013,Rahul Yadav,Male,18-25, Hyderabad ,Odisha,East,2022-10-02,Regular
CUST0014,Swathi Das,Female,46-55,Bhubaneswar,Odisha,East,2023-10-21,Regular
CUST0015,Meena Gupta,Female,56+,Gurugram,Haryana,North,2024-02-04,Plus Member
CUST0016,Keerthi Gupta,Female,46-55,Mumbai,Maharashtra,West,2023-06-06,Regular
CUST0017,Arjun Singh,Male,46-55,Pune,Maharashtra,West,2024-03-22,New User
CUST0018,Varun Agarwal,Male,36-45,Bhopal,Madhya Pradesh,Central,2023-06-26,New User
CUST0019,Arjun Joshi,Male,36-45,Gurugram,Haryana,North,2024-02-27,Regular
CUST0020,Nandini Rao,Female,36-45,Bhopal,Madhya Pradesh,Central,2022-01-04,New User
CUST0021,Harsha Verma,Male,56+,Jaipur,Rajasthan,North,2024-05-11,New User
CUST0022,Kiran Mishra,Male,56+,Pune,Maharashtra,West,2023-07-07,Regular
CUST0023,Shruti Kumar,Female,36-45,Vijayawada,Andhra Pradesh,South,2023-01-07,Regular
CUST0024,Vikram Shetty,Male,46-55,Chennai,Tamil Nadu,South,2022-03-29,Regular
CUST0025,Kiran Das,,56+,Pune,Maharashtra,West,2022-09-29,New User
CUST0026,Swathi Joshi,Female,36-45,Ahmedabad,Gujarat,West,2024-01-01,Plus Member
CUST0027,Sanjana Mehta,Female,26-35,Bhopal,Madhya Pradesh,Central,2022-05-04,Regular
CUST0028,Sai Kumar,Male,26-35,Delhi,Delhi,North,2023-08-26,Regular
CUST0029,Rahul Gupta,Male,36-45,Chennai,Tamil Nadu,South,2022-02-02,Regular
CUST0030,Manoj Das,Male,26-35,Ahmedabad,Gujarat,West,2023-07-07,New User
CUST0031,Kavya Das,Female,18-25,Patna,Bihar,East,2022-07-14,Regular
CUST0032,Keerthi Naidu,Female,18-25,Patna,Bihar,East,2023-04-24,New User
CUST0033,Rahul Agarwal,Male,18-25,Lucknow,Uttar Pradesh,North,2024-03-30,Regular
CUST0034,Suresh Joshi,Male,46-55,Bhopal,Madhya Pradesh,Central,2022-05-24,Regular
CUST0035,Sanjana Gupta,Female,56+,Chennai,Tamil Nadu,South,2023-03-30,Regular
CUST0036,Ajay Kumar,Male,26-35,Chennai,Tamil Nadu,South,2024-02-11, plus member 
CUST0037,Shruti Das,Female,46-55,Ahmedabad,Gujarat,West,2024-06-04,Regular
CUST0038,Varun Kumar,Male,46-55,Bhubaneswar,Odisha,East,2022-09-29,Plus Member
CUST0039,Mounika Das,Female,36-45,Mumbai,Maharashtra,West,2022-07-14,Regular
CUST0040,Deepak Joshi,Male,36-45,Bengaluru,Karnataka,South,2024-02-05,Regular
CUST0041,Deepak Das,Male,56+,Pune,Maharashtra,West,2022-02-28,Regular
CUST0042,Amit Khan,Male,26-35,Chennai,Tamil Nadu,South,2023-11-23,Plus Member
CUST0043,Deepak Gupta,Male,18-25,Bengaluru,Karnataka,South,2023-09-27,Plus Member
CUST0044,Neha Patel,Female,36-45,Lucknow,Uttar Pradesh,North,2022-09-02,Plus Member
CUST0045,Rohit Chowdhury,Male,18-25,Lucknow,Uttar Pradesh,North,2024-02-09,Regular
CUST0046,Isha Shetty,Female,56+,Vijayawada,Andhra Pradesh,South,2022-03-17,Regular
CUST0047,Meena Mishra,Female,26-35,Chennai,Tamil Nadu,South,2024-06-19,Plus Member
CUST0048,Pooja Chowdhury,Female,56+,Jaipur,Rajasthan,North,2023-09-19,Regular
CUST0049,Divya Singh,Female,18-25,Gurugram,Haryana,North,2022-04-29,New User
CUST0050,Manoj Iyer,Male,36-45,Ahmedabad,Gujarat,West,2024-01-05,Regular
CUST0051,Bhavya Das,Female,18-25,Gurugram,Haryana,North,2024-05-16,Regular
CUST0052,Neha Sharma,Female,26-35,Hyderabad,Telangana,South,2022-12-08,New User
CUST0053,Pooja Chowdhury,Female,18-25,Patna,Bihar,East,2023-07-29,Regular
CUST0054,Kiran Joshi,Male,36-45,Bengaluru,Karnataka,South,2024-05-04,New User
CUST0055,Karthik Singh,Male,36-45,Bengaluru,Karnataka,South,2022-11-12,Regular
CUST0056,Swathi Gupta,Female,56+,Vijayawada,Andhra Pradesh,South,2022-12-29,Plus Member
CUST0057,Vikram Rao,Male,18-25,Pune,Maharashtra,West,2023-02-27,Regular
CUST0058,Nandini Gupta,Female,18-25,Gurugram,Haryana,North,2022-06-13,Plus Member
CUST0059,Vivek Gupta,Male,46-55,Ahmedabad,Gujarat,West,2024-04-16,Plus Member
CUST0060,Kavya Gupta,Female,26-35,Hyderabad,Telangana,South,2023-11-07,Plus Member
CUST0061,Neha Reddy,Female,56+,Gurugram,Haryana,North,2022-12-26,Plus Member
CUST0062,Priya Verma,Female,56+,Gurugram,Haryana,North,2022-07-02,Plus Member
CUST0063,Arjun Khan,Male,36-45,Patna,Bihar,East,2022-12-20,Plus Member
CUST0064,Varun Shetty,Male,18-25,Ahmedabad,Gujarat,West,2022-09-18,New User
CUST0065,Priya Mehta,Female,46-55,Ahmedabad,Gujarat,West,2023-01-08,Regular
CUST0066,Isha Yadav,Female,36-45,Vijayawada,Andhra Pradesh,South,2024-01-08,New User
CUST0067,Nandini Yadav,Female,36-45,Bhubaneswar,Odisha,East,2023-12-15,New User
CUST0068,Suresh Naidu,Male,26-35,Bhubaneswar,Odisha,East,2023-11-25,New User
CUST0069,Lakshmi Joshi,Female,36-45,Hyderabad,Telangana,South,2022-11-08,Regular
CUST0070,Tanvi Khan,Female,46-55,Lucknow,Uttar Pradesh,North,2023-04-22,Plus Member
CUST0071,Harsha Das,Male,18-25,Pune,Maharashtra,West,2023-11-06,Plus Member
CUST0072,Anjali Gupta,Female,26-35,Jaipur,Rajasthan,North,2022-08-19,Regular
CUST0073,Rahul Gupta,Male,18-25,Indore,Madhya Pradesh,Central,2023-09-18,Plus Member
CUST0074,Tanvi Patel,Female,46-55,Bhubaneswar,Odisha,East,2023-05-22,Regular
CUST0075,Ravi Verma,Male,26-35,Patna,Bihar,East,2022-08-13,New User
CUST0076,Sneha Joshi,Female,18-25,Delhi,Delhi,North,2024-05-18,Plus Member
CUST0077,Abhishek Mehta,Male,46-55,Lucknow,Uttar Pradesh,North,2024-02-13,New User
CUST0078,Mounika Chowdhury,Female,46-55,Pune,Maharashtra,West,2024-02-01,Plus Member
CUST0079,Kavya Nair,Female,26-35,Indore,Madhya Pradesh,Central,2023-10-04,Plus Member
CUST0080,Anjali Iyer,Female,36-45,Delhi,Delhi,North,2022-10-06,Plus Member
CUST0081,Kiran Singh,Male,26-35,Delhi,Delhi,North,2023-01-28,New User
CUST0082,Amit Naidu,Male,56+,Patna,Bihar,East,2022-12-05,Plus Member
CUST0083,Sneha Patel,Female,56+,Patna,Bihar,East,2023-02-03,New User
CUST0084,Deepak Agarwal,Male,36-45,Indore,Madhya Pradesh,Central,2022-01-07,Plus Member
CUST0085,Nandini Joshi,Female,26-35,Delhi,Delhi,North,2023-05-15,Plus Member
CUST0086,Shruti Kumar,Female,46-55,Bhubaneswar,Odisha,East,2022-12-11,New User
CUST0087,Abhishek Singh,Male,56+,Hyderabad,Telangana,South,2023-02-08,New User
CUST0088,Amit Naidu,Male,46-55,Mumbai,Maharashtra,West,2024-06-06,Regular
CUST0089,Manoj Agarwal,Male,46-55,Lucknow,Uttar Pradesh,North,2022-08-05,Plus Member
CUST0090,Lakshmi Nair,Female,18-25,Patna,Bihar,East,2022-09-16,Plus Member
CUST0091,Ajay Sharma,Male,18-25,Kolkata,West Bengal,East,2022-08-18,New User
CUST0092,Ravi Gupta,Male,18-25,Ahmedabad,Gujarat,West,2024-05-09,New User
CUST0093,Vikram Singh,Male,18-25,Indore,Madhya Pradesh,Central,2023-11-17,New User
CUST0094,Abhishek Nair,Male,56+,Kolkata,West Bengal,East,2022-06-21,New User
CUST0095,Nikhil Iyer,Male,18-25,Vijayawada,Andhra Pradesh,South,2023-08-16,Plus Member
CUST0096,Lakshmi Patel,Female,26-35,Chennai,Tamil Nadu,South,2023-08-30,Regular
CUST0097,Isha Verma,Female,56+,Bengaluru,Karnataka,South,2022-12-22,Plus Member
CUST0098,Anjali Mehta,Female,46-55,Lucknow,Uttar Pradesh,North,2022-01-13,Plus Member
CUST0099,Karthik Mishra,Male,26-35,Bhopal,Madhya Pradesh,Central,2023-12-26,Plus Member
CUST0100,Harsha Nair,Male,46-55,Indore,Madhya Pradesh,Central,2023-04-22,New User
CUST0101,Ritika Gupta,Female,46-55,Chennai,Tamil Nadu,South,2022-10-13,Regular
CUST0102,Tanvi Khan,Female,18-25,Bhubaneswar,Odisha,East,2022-12-11,Plus Member
CUST0103,Pooja Das,Female,36-45,Ahmedabad,Gujarat,West,2022-12-30,Plus Member
CUST0104,Isha Nair,Female,26-35,Hyderabad,Telangana,South,2023-06-14,Regular
CUST0105,Karthik Das,Male,46-55,Delhi,Delhi,North,2023-12-09,New User
CUST0106,Sanjana Kumar,Female,26-35,Chennai,Tamil Nadu,South,2022-10-29,Plus Member
CUST0107,Rohit Shetty,Male,56+,Kolkata,West Bengal,East,2023-04-30,New User
CUST0108,Nandini Joshi,Female,46-55,Lucknow,Uttar Pradesh,North,2022-12-27,Plus Member
CUST0109,Neha Gupta,Female,26-35,Vijayawada,Andhra Pradesh,South,2024-01-09,Plus Member
CUST0110,Ajay Rao,Male,46-55,Ahmedabad,Gujarat,West,2022-08-10,Plus Member
CUST0111,Divya Patel,Female,36-45,Jaipur,Rajasthan,North,2022-08-21,Regular
CUST0112,Priya Joshi,Female,18-25,Mumbai,Maharashtra,West,2022-10-08,Regular
CUST0113,Meena Das,Female,18-25,Vijayawada,Andhra Pradesh,South,2024-06-12,New User
CUST0114,Shruti Das,Female,26-35,Bhopal,Madhya Pradesh,Central,2022-12-15,Regular
CUST0115,Shruti Verma,Female,46-55,Chennai,Tamil Nadu,South,2023-02-15,Regular
CUST0116,Kiran Singh,Male,26-35,Jaipur,Rajasthan,North,2022-03-29,Regular
CUST0117,Isha Khan,Female,56+,Delhi,Delhi,North,2024-03-05,Plus Member
CUST0118,Sanjana Iyer,Female,56+,Patna,Bihar,East,2022-11-09,New User
CUST0119,Pranay Verma,Male,26-35,Ahmedabad,Gujarat,West,2023-10-03,Plus Member
CUST0120,Nikhil Gupta,Male,18-25,Pune,Maharashtra,West,2023-07-20,Regular
CUST0121,Karthik Chowdhury,Male,18-25,Indore,Madhya Pradesh,Central,2022-10-26,Regular
CUST0122,Aishwarya Chowdhury,Female,26-35,Chennai,Tamil Nadu,South,2023-12-05,Plus Member
CUST0123,Karthik Verma,Male,26-35,Delhi,Delhi,North,2023-10-26,Plus Member
CUST0124,Amit Sharma,Male,36-45,Pune,Maharashtra,West,2024-03-22,New User
CUST0125,Sanjana Verma,Female,36-45,Bhopal,Madhya Pradesh,Central,2023-12-07,New User
CUST0126,Neha Mehta,Female,18-25,Indore,Madhya Pradesh,Central,2023-03-25,New User
CUST0127,Karthik Yadav,Male,18-25,Gurugram,Haryana,North,2022-01-27,Regular
CUST0128,Manoj Shetty,Male,26-35,Bengaluru,Karnataka,South,2024-02-21,Plus Member
CUST0129,Neha Rao,Female,46-55,Patna,Bihar,East,2023-10-13,Regular
CUST0130,Keerthi Naidu,Female,18-25,Lucknow,Uttar Pradesh,North,2022-11-25,Regular
CUST0131,Nandini Das,Female,46-55,Jaipur,Rajasthan,North,2023-11-10,New User
CUST0132,Abhishek Reddy,Male,36-45,Lucknow,Uttar Pradesh,North,2022-09-16,Regular
CUST0133,Bhavya Kumar,Female,18-25,Bhopal,Madhya Pradesh,Central,2023-02-28,Regular
CUST0134,Isha Das,Female,18-25,Bhopal,Madhya Pradesh,Central,2024-02-18,Regular
CUST0135,Mounika Singh,Female,46-55,Jaipur,Rajasthan,North,2023-03-25,Regular
CUST0136,Pranay Gupta,Male,56+,Pune,Maharashtra,West,2022-11-15,Regular
CUST0137,Anjali Gupta,Female,18-25,Vijayawada,Andhra Pradesh,South,2023-04-18,New User
CUST0138,Vivek Iyer,Male,46-55,Gurugram,Haryana,North,2023-03-02,Plus Member
CUST0139,Abhishek Joshi,Male,26-35,Mumbai,Maharashtra,West,2023-01-28,New User
CUST0140,Amit Nair,Male,56+,Patna,Bihar,East,2022-12-15,Plus Member
CUST0141,Rohit Iyer,Male,26-35,Indore,Madhya Pradesh,Central,2024-06-05,Plus Member
CUST0142,Keerthi Yadav,Female,36-45,Bhubaneswar,Odisha,East,2023-04-12,Regular
CUST0143,Deepak Agarwal,Male,46-55,Delhi,Delhi,North,2024-05-26,Regular
CUST0144,Shruti Agarwal,Female,26-35,Bhubaneswar,Odisha,East,2023-11-11,Plus Member
CUST0145,Kiran Mehta,Male,18-25,Lucknow,Uttar Pradesh,North,2024-06-09,Plus Member
CUST0146,Harsha Chowdhury,Male,26-35,Hyderabad,Telangana,South,2024-01-10,Plus Member
CUST0147,Amit Das,Male,56+,Gurugram,Haryana,North,2022-12-13,New User
CUST0148,Anjali Yadav,Female,46-55,Bhubaneswar,Odisha,East,2022-11-21,New User
CUST0149,Pranay Reddy,Male,36-45,Delhi,Delhi,North,2023-10-09,Regular
CUST0150,Karthik Verma,Male,26-35,Vijayawada,Andhra Pradesh,South,2023-03-31,New User
CUST0151,Priya Sharma,Female,18-25,Lucknow,Uttar Pradesh,North,2024-03-26,Plus Member
CUST0152,Keerthi Naidu,Female,56+,Mumbai,Maharashtra,West,2022-09-08,Plus Member
CUST0153,Nikhil Rao,Male,46-55,Chennai,Tamil Nadu,South,2023-09-17,New User
CUST0154,Vivek Shetty,Male,46-55,Mumbai,Maharashtra,West,2022-08-26,New User
CUST0155,Sanjana Nair,Female,46-55,Hyderabad,Telangana,South,2024-04-03,Plus Member
CUST0156,Amit Chowdhury,Male,36-45,Kolkata,West Bengal,East,2023-08-25,New User
CUST0157,Neha Chowdhury,Female,46-55,Jaipur,Rajasthan,North,2022-07-23,Plus Member
CUST0158,Vikram Agarwal,Male,36-45,Kolkata,West Bengal,East,2023-08-12,New User
CUST0159,Priya Agarwal,Female,56+,Gurugram,Haryana,North,2022-01-09,New User
CUST0160,Pranay Das,Male,26-35,Jaipur,Rajasthan,North,2024-03-05,New User
CUST0161,Kavya Patel,Female,26-35,Gurugram,Haryana,North,2023-11-26,New User
CUST0162,Rahul Iyer,Male,56+,Bhopal,Madhya Pradesh,Central,2022-02-04,Plus Member
CUST0163,Amit Iyer,Male,46-55,Lucknow,Uttar Pradesh,North,2024-02-05,Regular
CUST0164,Kiran Joshi,Male,56+,Kolkata,West Bengal,East,2023-06-28,Plus Member
CUST0165,Manoj Das,Male,36-45,Jaipur,Rajasthan,North,2024-02-04,Regular
CUST0166,Anjali Singh,Female,46-55,Delhi,Delhi,North,2024-05-30,New User
CUST0167,Anjali Agarwal,Female,56+,Hyderabad,Telangana,South,2022-09-28,Regular
CUST0168,Keerthi Nair,Female,36-45,Bhubaneswar,Odisha,East,2024-04-22,Regular
CUST0169,Vivek Kumar,Male,26-35,Lucknow,Uttar Pradesh,North,2023-09-17,New User
CUST0170,Abhishek Iyer,Male,26-35,Patna,Bihar,East,2022-04-30,Regular
CUST0171,Rohit Das,Male,26-35,Vijayawada,Andhra Pradesh,South,2022-04-10,New User
CUST0172,Varun Chowdhury,Male,56+,Kolkata,West Bengal,East,2023-11-18,Plus Member
CUST0173,Karthik Verma,Male,46-55,Indore,Madhya Pradesh,Central,2023-09-23,Plus Member
CUST0174,Charan Patel,Male,26-35,Bhopal,Madhya Pradesh,Central,2023-04-01,Plus Member
CUST0175,Charan Joshi,Male,46-55,Kolkata,West Bengal,East,2022-03-04,Plus Member
CUST0176,Arjun Chowdhury,Male,26-35,Chennai,Tamil Nadu,South,2023-11-10,New User
CUST0177,Rahul Yadav,Male,56+,Delhi,Delhi,North,2022-05-09,Regular
CUST0178,Ajay Patel,Male,26-35,Ahmedabad,Gujarat,West,2024-04-12,Plus Member
CUST0179,Pranay Kumar,Male,26-35,Gurugram,Haryana,North,2024-05-29,Regular
CUST0180,Pooja Verma,Female,18-25,Hyderabad,Telangana,South,2022-05-15,Plus Member
CUST0181,Deepak Yadav,Male,36-45,Hyderabad,Telangana,South,2022-06-28,Regular
CUST0182,Karthik Mehta,Male,18-25,Vijayawada,Andhra Pradesh,South,2024-02-03,Plus Member
CUST0183,Keerthi Mehta,Female,56+,Vijayawada,Andhra Pradesh,South,2023-04-08,Regular
CUST0184,Harsha Iyer,Male,18-25,Bhopal,Madhya Pradesh,Central,2023-10-21,Regular
CUST0185,Lakshmi Naidu,Female,46-55,Vijayawada,Andhra Pradesh,South,2023-05-18,Regular
CUST0186,Sai Khan,Male,26-35,Mumbai,Maharashtra,West,2022-03-09,Plus Member
CUST0187,Lakshmi Khan,Female,56+,Jaipur,Rajasthan,North,2023-04-10,New User
CUST0188,Divya Verma,Female,46-55,Ahmedabad,Gujarat,West,2023-03-17,Regular
CUST0189,Ritika Chowdhury,Female,18-25,Bhubaneswar,Odisha,East,2023-03-02,Plus Member
CUST0190,Ritika Nair,Female,46-55,Kolkata,West Bengal,East,2022-06-06,Regular
CUST0191,Amit Reddy,Male,36-45,Patna,Bihar,East,2022-04-09,Regular
CUST0192,Deepak Joshi,Male,18-25,Lucknow,Uttar Pradesh,North,2023-11-18,Plus Member
CUST0193,Nandini Sharma,Female,36-45,Jaipur,Rajasthan,North,2023-09-07,Plus Member
CUST0194,Deepak Mehta,Male,46-55,Ahmedabad,Gujarat,West,2022-06-08,Regular
CUST0195,Charan Joshi,Male,36-45,Kolkata,West Bengal,East,2022-04-28,New User
CUST0196,Karthik Joshi,Male,36-45,Hyderabad,Telangana,South,2023-09-16,Regular
CUST0197,Manoj Iyer,Male,18-25,Lucknow,Uttar Pradesh,North,2022-12-26,Regular
CUST0198,Deepak Agarwal,Male,18-25,Chennai,Tamil Nadu,South,2022-05-26,Regular
CUST0199,Varun Naidu,Male,26-35,Bhopal,Madhya Pradesh,Central,2022-12-16,Plus Member
CUST0200,Ritika Shetty,Female,26-35,Chennai,Tamil Nadu,South,2022-02-23,Regular
CUST0201,Amit Nair,Male,46-55,Bhopal,Madhya Pradesh,Central,2023-11-09,Plus Member
CUST0202,Nandini Nair,Female,56+,Ahmedabad,Gujarat,West,2024-02-13,Regular
CUST0203,Nandini Verma,Female,56+,Jaipur,Rajasthan,North,2023-11-26,Plus Member
CUST0204,Sneha Gupta,Female,18-25,Bhubaneswar,Odisha,East,2023-09-06,Regular
CUST0205,Rohit Patel,Male,36-45,Mumbai,Maharashtra,West,2024-02-22,Plus Member
CUST0206,Divya Kumar,Female,46-55,Indore,Madhya Pradesh,Central,2024-02-04,Regular
CUST0207,Varun Joshi,Male,56+,Delhi,Delhi,North,2023-05-28,New User
CUST0208,Anjali Agarwal,Female,18-25,Bengaluru,Karnataka,South,2023-03-23,Plus Member
CUST0209,Sai Shetty,Male,46-55,Patna,Bihar,East,2023-08-11,New User
CUST0210,Aishwarya Verma,Female,36-45,Bhubaneswar,Odisha,East,2022-01-22,Regular
CUST0211,Keerthi Reddy,Female,18-25,Patna,Bihar,East,2024-05-14,Regular
CUST0212,Tanvi Agarwal,Female,36-45,Chennai,Tamil Nadu,South,2023-02-10,New User
CUST0213,Kavya Yadav,Female,56+,Pune,Maharashtra,West,2022-03-20,New User
CUST0214,Harsha Mehta,Male,36-45,Ahmedabad,Gujarat,West,2024-03-05,Plus Member
CUST0215,Vikram Verma,Male,26-35,Mumbai,Maharashtra,West,2022-09-20,Regular
CUST0216,Amit Rao,Male,56+,Indore,Madhya Pradesh,Central,2023-04-21,New User
CUST0217,Tanvi Khan,Female,36-45,Lucknow,Uttar Pradesh,North,2024-06-03,Regular
CUST0218,Anjali Das,Female,36-45,Bhopal,Madhya Pradesh,Central,2023-10-09,Plus Member
CUST0219,Charan Mehta,Male,46-55,Chennai,Tamil Nadu,South,2022-11-14,Plus Member
CUST0220,Rahul Mishra,Male,18-25,Jaipur,Rajasthan,North,2022-03-20,New User
CUST0221,Sanjana Shetty,Female,56+,Bengaluru,Karnataka,South,2023-04-06,New User
CUST0222,Sai Khan,Male,26-35,Indore,Madhya Pradesh,Central,2023-05-29,Regular
CUST0223,Divya Yadav,Female,26-35,Chennai,Tamil Nadu,South,2023-06-01,Regular
CUST0224,Abhishek Chowdhury,Male,36-45,Pune,Maharashtra,West,2023-01-08,Plus Member
CUST0225,Nandini Yadav,Female,36-45,Bengaluru,Karnataka,South,2024-03-19,Regular
CUST0226,Divya Joshi,Female,36-45,Bhubaneswar,Odisha,East,2022-10-18,New User
CUST0227,Sai Reddy,Male,36-45,Mumbai,Maharashtra,West,2022-12-25,New User
CUST0228,Meena Khan,Female,56+,Chennai,Tamil Nadu,South,2022-11-14,Plus Member
CUST0229,Meena Mehta,Female,46-55,Chennai,Tamil Nadu,South,2023-10-24,New User
CUST0230,Priya Mishra,Female,26-35,Jaipur,Rajasthan,North,2022-07-04,Plus Member
CUST0231,Swathi Gupta,Female,18-25,Mumbai,Maharashtra,West,2022-06-08,Plus Member
CUST0232,Harsha Joshi,Male,36-45,Bengaluru,Karnataka,South,2023-11-09,New User
CUST0233,Pranay Agarwal,Male,26-35,Mumbai,Maharashtra,West,2022-06-16,New User
CUST0234,Abhishek Sharma,Male,26-35,Patna,Bihar,East,2023-01-09,Plus Member
CUST0235,Sanjana Gupta,Female,46-55,Delhi,Delhi,North,2022-11-13,Regular
CUST0236,Tanvi Chowdhury,Female,36-45,Bhopal,Madhya Pradesh,Central,2024-02-27,Plus Member
CUST0237,Pooja Patel,Female,36-45,Mumbai,Maharashtra,West,2024-06-12,Regular
CUST0238,Keerthi Joshi,Female,56+,Vijayawada,Andhra Pradesh,South,2023-12-30,Regular
CUST0239,Anjali Rao,Female,56+,Gurugram,Haryana,North,2023-04-06,Regular
CUST0240,Anjali Gupta,Female,18-25,Bhopal,Madhya Pradesh,Central,2022-12-24,Plus Member
CUST0241,Varun Mehta,Male,46-55,Kolkata,West Bengal,East,2022-08-30,Regular
CUST0242,Kavya Kumar,Female,36-45,Lucknow,Uttar Pradesh,North,2022-04-12,Regular
CUST0243,Rahul Iyer,Male,26-35,Indore,Madhya Pradesh,Central,2023-12-14,New User
CUST0244,Sanjana Khan,Female,18-25,Hyderabad,Telangana,South,2022-03-23,Plus Member
CUST0245,Kiran Joshi,Male,36-45,Patna,Bihar,East,2022-04-24,Regular
CUST0246,Divya Sharma,Female,56+,Delhi,Delhi,North,2023-03-06,Plus Member
CUST0247,Arjun Das,Male,56+,Hyderabad,Telangana,South,2023-10-10,New User
CUST0248,Kiran Iyer,Male,56+,Patna,Bihar,East,2022-01-02,Plus Member
CUST0249,Deepak Naidu,Male,18-25,Pune,Maharashtra,West,2023-11-12,New User
CUST0250,Anjali Mehta,Female,46-55,Hyderabad,Telangana,South,2023-02-04,Regular
CUST0251,Keerthi Nair,Female,18-25,Hyderabad,Telangana,South,2023-01-01,Plus Member
CUST0252,Arjun Shetty,Male,18-25,Lucknow,Uttar Pradesh,North,2022-05-17,Plus Member
CUST0253,Pooja Chowdhury,Female,26-35,Indore,Madhya Pradesh,Central,2023-10-09,Regular
CUST0254,Abhishek Sharma,Male,18-25,Jaipur,Rajasthan,North,2022-07-26,Regular
CUST0255,Sai Iyer,Male,56+,Bhubaneswar,Odisha,East,2024-04-14,Plus Member
CUST0256,Sneha Patel,Female,18-25,Jaipur,Rajasthan,North,2023-01-01,New User
CUST0257,Neha Verma,Female,46-55,Kolkata,West Bengal,East,2023-03-24,New User
CUST0258,Lakshmi Yadav,Female,46-55,Pune,Maharashtra,West,2023-05-24,Plus Member
CUST0259,Anjali Naidu,Female,56+,Chennai,Tamil Nadu,South,2023-03-17,Regular
CUST0260,Ritika Verma,Female,36-45,Chennai,Tamil Nadu,South,2022-12-02,Plus Member
CUST0261,Isha Naidu,Female,46-55,Pune,Maharashtra,West,2023-12-08,Plus Member
CUST0262,Sneha Mishra,Female,18-25,Patna,Bihar,East,2022-10-09,Regular
CUST0263,Keerthi Mehta,Female,26-35,Pune,Maharashtra,West,2022-02-01,New User
CUST0264,Sneha Singh,Female,36-45,Chennai,Tamil Nadu,South,2022-08-30,Plus Member
CUST0265,Tanvi Sharma,Female,46-55,Mumbai,Maharashtra,West,2023-11-27,Plus Member
CUST0266,Sanjana Reddy,Female,36-45,Mumbai,Maharashtra,West,2023-06-27,Plus Member
CUST0267,Neha Gupta,Female,26-35,Vijayawada,Andhra Pradesh,South,2022-01-27,Plus Member
CUST0268,Mounika Verma,Female,36-45,Gurugram,Haryana,North,2024-03-04,New User
CUST0269,Swathi Khan,Female,46-55,Jaipur,Rajasthan,North,2023-12-12,Regular
CUST0270,Kiran Reddy,Male,46-55,Bhopal,Madhya Pradesh,Central,2022-06-26,Regular
CUST0271,Keerthi Reddy,Female,26-35,Jaipur,Rajasthan,North,2022-11-04,New User
CUST0272,Charan Mehta,Male,26-35,Delhi,Delhi,North,2022-05-05,Regular
CUST0273,Vivek Kumar,Male,56+,Kolkata,West Bengal,East,2023-07-22,Plus Member
CUST0274,Mounika Singh,Female,36-45,Chennai,Tamil Nadu,South,2022-03-09,Plus Member
CUST0275,Bhavya Naidu,Female,56+,Patna,Bihar,East,2024-04-23,Regular
CUST0276,Sai Reddy,Male,56+,Bhopal,Madhya Pradesh,Central,2023-04-23,Plus Member
CUST0277,Ajay Shetty,Male,26-35,Pune,Maharashtra,West,2024-02-26,Plus Member
CUST0278,Arjun Mehta,Male,26-35,Mumbai,Maharashtra,West,2022-11-08,Regular
CUST0279,Kavya Mishra,Female,18-25,Jaipur,Rajasthan,North,2024-05-16,Plus Member
CUST0280,Ajay Nair,Male,36-45,Mumbai,Maharashtra,West,2023-10-03,New User
CUST0281,Harsha Rao,Male,56+,Mumbai,Maharashtra,West,2022-06-25,New User
CUST0282,Tanvi Sharma,Female,18-25,Hyderabad,Telangana,South,2022-03-25,New User
CUST0283,Swathi Shetty,Female,18-25,Patna,Bihar,East,2023-09-25,Plus Member
CUST0284,Aishwarya Das,Female,46-55,Delhi,Delhi,North,2024-04-04,Plus Member
CUST0285,Anjali Sharma,Female,46-55,Pune,Maharashtra,West,2023-03-27,Plus Member
CUST0286,Swathi Yadav,Female,36-45,Mumbai,Maharashtra,West,2022-11-17,New User
CUST0287,Lakshmi Singh,Female,56+,Kolkata,West Bengal,East,2023-06-12,Regular
CUST0288,Kavya Chowdhury,Female,46-55,Vijayawada,Andhra Pradesh,South,2022-10-01,Regular
CUST0289,Arjun Sharma,Male,56+,Jaipur,Rajasthan,North,2023-01-29,Plus Member
CUST0290,Nikhil Yadav,Male,26-35,Lucknow,Uttar Pradesh,North,2022-07-14,Plus Member
CUST0291,Shruti Iyer,Female,18-25,Indore,Madhya Pradesh,Central,2022-01-24,Plus Member
CUST0292,Kavya Patel,Female,18-25,Kolkata,West Bengal,East,2022-02-19,Plus Member
CUST0293,Isha Das,Female,18-25,Jaipur,Rajasthan,North,2023-07-04,Regular
CUST0294,Meena Nair,Female,46-55,Kolkata,West Bengal,East,2024-02-22,Plus Member
CUST0295,Varun Sharma,Male,56+,Ahmedabad,Gujarat,West,2023-01-07,Plus Member
CUST0296,Varun Mehta,Male,56+,Bhopal,Madhya Pradesh,Central,2024-02-22,Plus Member
CUST0297,Kiran Verma,Male,36-45,Bhubaneswar,Odisha,East,2023-01-18,New User
CUST0298,Meena Patel,Female,18-25,Bhubaneswar,Odisha,East,2023-05-28,Regular
CUST0299,Kiran Yadav,Male,46-55,Indore,Madhya Pradesh,Central,2023-06-16,Regular
CUST0300,Sai Khan,Male,46-55,Lucknow,Uttar Pradesh,North,2022-06-16,New User
CUST0301,Tanvi Yadav,Female,56+,Indore,Madhya Pradesh,Central,2023-12-27,Plus Member
CUST0302,Priya Mishra,Female,18-25,Lucknow,Uttar Pradesh,North,2023-11-21,Plus Member
CUST0303,Priya Khan,Female,56+,Indore,Madhya Pradesh,Central,2022-09-29,New User
CUST0304,Rahul Shetty,Male,56+,Indore,Madhya Pradesh,Central,2022-06-24,New User
CUST0305,Meena Gupta,Female,18-25,Bengaluru,Karnataka,South,2023-08-10,Regular
CUST0306,Abhishek Yadav,Male,46-55,Patna,Bihar,East,2022-06-05,New User
CUST0307,Karthik Mehta,Male,18-25,Indore,Madhya Pradesh,Central,2024-06-12,New User
CUST0308,Harsha Patel,Male,46-55,Lucknow,Uttar Pradesh,North,2023-11-10,New User
CUST0309,Ritika Rao,Female,36-45,Bhopal,Madhya Pradesh,Central,2023-06-30,New User
CUST0310,Neha Khan,Female,26-35,Indore,Madhya Pradesh,Central,2022-07-16,Plus Member
CUST0311,Kavya Iyer,Female,26-35,Jaipur,Rajasthan,North,2023-12-23,New User
CUST0312,Ritika Das,Female,36-45,Kolkata,West Bengal,East,2023-07-28,Plus Member
CUST0313,Deepak Joshi,Male,36-45,Bhubaneswar,Odisha,East,2023-02-09,Regular
CUST0314,Sneha Iyer,Female,46-55,Chennai,Tamil Nadu,South,2022-12-21,New User
CUST0315,Shruti Patel,Female,56+,Ahmedabad,Gujarat,West,2024-04-27,Plus Member
CUST0316,Meena Verma,Female,18-25,Delhi,Delhi,North,2022-09-06,New User
CUST0317,Vikram Sharma,Male,36-45,Vijayawada,Andhra Pradesh,South,2023-02-28,New User
CUST0318,Divya Singh,Female,26-35,Hyderabad,Telangana,South,2023-07-18,Plus Member
CUST0319,Shruti Patel,Female,36-45,Jaipur,Rajasthan,North,2022-11-25,New User
CUST0320,Amit Shetty,Male,18-25,Delhi,Delhi,North,2023-07-02,Regular
CUST0321,Pooja Sharma,Female,46-55,Bhubaneswar,Odisha,East,2024-03-17,Regular
CUST0322,Sneha Kumar,Female,56+,Jaipur,Rajasthan,North,2023-08-05,Regular
CUST0323,Aishwarya Chowdhury,Female,56+,Indore,Madhya Pradesh,Central,2022-05-18,Plus Member
CUST0324,Swathi Verma,Female,46-55,Lucknow,Uttar Pradesh,North,2022-06-16,New User
CUST0325,Pooja Kumar,Female,36-45,Lucknow,Uttar Pradesh,North,2024-03-20,New User
CUST0326,Nikhil Khan,Male,46-55,Bhubaneswar,Odisha,East,2024-04-26,New User
CUST0327,Anjali Agarwal,Female,26-35,Vijayawada,Andhra Pradesh,South,2022-07-09,Plus Member
CUST0328,Kavya Kumar,Female,26-35,Gurugram,Haryana,North,2023-01-28,Plus Member
CUST0329,Ritika Iyer,Female,36-45,Hyderabad,Telangana,South,2022-09-25,New User
CUST0330,Rahul Verma,Male,26-35,Bhopal,Madhya Pradesh,Central,2022-11-11,Plus Member
CUST0331,Divya Iyer,Female,26-35,Kolkata,West Bengal,East,2023-09-22,Regular
CUST0332,Vivek Singh,Male,56+,Bhopal,Madhya Pradesh,Central,2024-02-05,Plus Member
CUST0333,Mounika Das,Female,26-35,Ahmedabad,Gujarat,West,2024-02-20,New User
CUST0334,Harsha Chowdhury,Male,56+,Kolkata,West Bengal,East,2022-03-21,Regular
CUST0335,Ajay Mehta,Male,56+,Ahmedabad,Gujarat,West,2023-08-10,Regular
CUST0336,Sai Mehta,Male,26-35,Bhopal,Madhya Pradesh,Central,2022-04-30,New User
CUST0337,Anjali Mehta,Female,18-25,Bhopal,Madhya Pradesh,Central,2024-04-08,Plus Member
CUST0338,Harsha Naidu,Male,18-25,Bhopal,Madhya Pradesh,Central,2023-08-01,New User
CUST0339,Aishwarya Kumar,Female,18-25,Bhubaneswar,Odisha,East,2022-09-18,New User
CUST0340,Deepak Reddy,Male,36-45,Bengaluru,Karnataka,South,2023-03-10,New User
CUST0341,Ajay Sharma,Male,18-25,Chennai,Tamil Nadu,South,2023-04-29,Plus Member
CUST0342,Pooja Singh,Female,46-55,Patna,Bihar,East,2023-01-19,Plus Member
CUST0343,Lakshmi Reddy,Female,36-45,Mumbai,Maharashtra,West,2023-11-01,Regular
CUST0344,Ajay Agarwal,Male,26-35,Mumbai,Maharashtra,West,2024-01-16,Regular
CUST0345,Rohit Chowdhury,Male,46-55,Patna,Bihar,East,2023-06-29,Regular
CUST0346,Abhishek Mishra,Male,26-35,Mumbai,Maharashtra,West,2022-10-10,New User
CUST0347,Rahul Naidu,Male,26-35,Hyderabad,Telangana,South,2022-09-04,Regular
CUST0348,Pranay Sharma,Male,18-25,Bhopal,Madhya Pradesh,Central,2023-09-05,Regular
CUST0349,Varun Chowdhury,Male,26-35,Delhi,Delhi,North,2023-07-07,Regular
CUST0350,Harsha Iyer,Male,56+,Delhi,Delhi,North,2024-04-15,Plus Member
CUST0351,Kavya Iyer,Female,56+,Mumbai,Maharashtra,West,2023-11-08,Regular
CUST0352,Aishwarya Nair,Female,56+,Bengaluru,Karnataka,South,2023-07-25,New User
CUST0353,Karthik Joshi,Male,36-45,Indore,Madhya Pradesh,Central,2022-02-18,New User
CUST0354,Bhavya Yadav,Female,26-35,Patna,Bihar,East,2023-02-23,Plus Member
CUST0355,Pooja Joshi,Female,26-35,Indore,Madhya Pradesh,Central,2022-09-04,Plus Member
CUST0356,Abhishek Sharma,Male,56+,Patna,Bihar,East,2023-03-03,New User
CUST0357,Varun Gupta,Male,36-45,Gurugram,Haryana,North,2022-07-28,New User
CUST0358,Abhishek Mishra,Male,26-35,Chennai,Tamil Nadu,South,2023-07-03,Regular
CUST0359,Lakshmi Khan,Female,18-25,Bengaluru,Karnataka,South,2024-06-13,Regular
CUST0360,Vivek Patel,Male,18-25,Lucknow,Uttar Pradesh,North,2022-11-07,Regular
CUST0361,Arjun Das,Male,56+,Delhi,Delhi,North,2023-12-14,New User
CUST0362,Varun Gupta,Male,36-45,Lucknow,Uttar Pradesh,North,2024-03-05,Plus Member
CUST0363,Mounika Mishra,Female,36-45,Jaipur,Rajasthan,North,2022-09-25,New User
CUST0364,Sanjana Verma,Female,36-45,Indore,Madhya Pradesh,Central,2024-02-19,Regular
CUST0365,Ritika Naidu,Female,26-35,Bengaluru,Karnataka,South,2023-07-31,New User
CUST0366,Ravi Nair,Male,26-35,Patna,Bihar,East,2022-10-30,Regular
CUST0367,Kavya Agarwal,Female,56+,Delhi,Delhi,North,2023-05-27,New User
CUST0368,Neha Das,Female,26-35,Indore,Madhya Pradesh,Central,2023-04-17,New User
CUST0369,Pooja Singh,Female,56+,Indore,Madhya Pradesh,Central,2022-07-08,New User
CUST0370,Harsha Sharma,Male,18-25,Chennai,Tamil Nadu,South,2024-04-17,Regular
CUST0371,Meena Gupta,Female,26-35,Chennai,Tamil Nadu,South,2023-12-26,Regular
CUST0372,Harsha Chowdhury,Male,56+,Kolkata,West Bengal,East,2022-03-03,New User
CUST0373,Shruti Kumar,Female,56+,Hyderabad,Telangana,South,2023-06-29,Plus Member
CUST0374,Ravi Mehta,Male,36-45,Gurugram,Haryana,North,2023-07-03,Regular
CUST0375,Pooja Verma,Female,26-35,Vijayawada,Andhra Pradesh,South,2023-06-21,Regular
CUST0376,Pranay Mehta,Male,36-45,Gurugram,Haryana,North,2024-04-14,Plus Member
CUST0377,Anjali Mishra,Female,56+,Bhubaneswar,Odisha,East,2023-04-16,Regular
CUST0378,Rohit Reddy,Male,46-55,Bengaluru,Karnataka,South,2022-04-06,Plus Member
CUST0379,Mounika Das,Female,18-25,Bengaluru,Karnataka,South,2023-10-15,New User
CUST0380,Amit Das,Male,36-45,Patna,Bihar,East,2023-10-23,New User
CUST0381,Harsha Sharma,Male,56+,Delhi,Delhi,North,2022-08-05,Plus Member
CUST0382,Sneha Reddy,Female,56+,Gurugram,Haryana,North,2023-07-11,New User
CUST0383,Nikhil Yadav,Male,56+,Hyderabad,Telangana,South,2022-08-01,Regular
CUST0384,Anjali Iyer,Female,26-35,Pune,Maharashtra,West,2023-08-01,New User
CUST0385,Mounika Yadav,Female,26-35,Bhubaneswar,Odisha,East,2024-02-13,New User
CUST0386,Harsha Mishra,Male,46-55,Bengaluru,Karnataka,South,2022-04-11,Regular
CUST0387,Sai Khan,Male,36-45,Bhubaneswar,Odisha,East,2024-03-03,Regular
CUST0388,Sanjana Das,Female,56+,Delhi,Delhi,North,2022-12-31,Plus Member
CUST0389,Pooja Shetty,Female,56+,Bhubaneswar,Odisha,East,2022-03-29,Plus Member
CUST0390,Amit Reddy,Male,46-55,Gurugram,Haryana,North,2022-06-07,New User
CUST0391,Varun Yadav,Male,18-25,Kolkata,West Bengal,East,2022-04-20,Regular
CUST0392,Sanjana Mishra,Female,26-35,Gurugram,Haryana,North,2022-04-15,Regular
CUST0393,Karthik Chowdhury,Male,18-25,Patna,Bihar,East,2022-04-16,Regular
CUST0394,Mounika Reddy,Female,46-55,Lucknow,Uttar Pradesh,North,2024-06-03,Regular
CUST0395,Nandini Agarwal,Female,56+,Chennai,Tamil Nadu,South,2024-01-13,Regular
CUST0396,Varun Rao,Male,36-45,Mumbai,Maharashtra,West,2022-10-03,Plus Member
CUST0397,Meena Reddy,Female,36-45,Pune,Maharashtra,West,2023-03-22,Plus Member
CUST0398,Shruti Reddy,Female,26-35,Kolkata,West Bengal,East,2022-09-15,New User
CUST0399,Isha Khan,Female,18-25,Ahmedabad,Gujarat,West,2023-04-14,Regular
CUST0400,Priya Agarwal,Female,56+,Lucknow,Uttar Pradesh,North,2024-05-11,Plus Member
CUST0401,Sanjana Yadav,Female,56+,Patna,Bihar,East,2024-04-15,Regular
CUST0402,Ritika Khan,Female,36-45,Ahmedabad,Gujarat,West,2023-05-06,Regular
CUST0403,Ritika Iyer,Female,26-35,Indore,Madhya Pradesh,Central,2023-08-13,Plus Member
CUST0404,Neha Agarwal,Female,56+,Kolkata,West Bengal,East,2022-04-27,Regular
CUST0405,Ajay Kumar,Male,26-35,Bhopal,Madhya Pradesh,Central,2023-12-27,Plus Member
CUST0406,Anjali Naidu,Female,36-45,Indore,Madhya Pradesh,Central,2022-05-23,Regular
CUST0407,Meena Naidu,Female,46-55,Bhubaneswar,Odisha,East,2022-03-17,New User
CUST0408,Tanvi Agarwal,Female,18-25,Patna,Bihar,East,2023-07-11,Plus Member
CUST0409,Arjun Gupta,Male,56+,Kolkata,West Bengal,East,2022-06-20,Regular
CUST0410,Ritika Naidu,Female,18-25,Vijayawada,Andhra Pradesh,South,2022-01-11,Plus Member
CUST0411,Harsha Mehta,Male,36-45,Delhi,Delhi,North,2023-04-02,Plus Member
CUST0412,Tanvi Mehta,Female,18-25,Mumbai,Maharashtra,West,2022-12-20,Plus Member
CUST0413,Rohit Naidu,Male,26-35,Chennai,Tamil Nadu,South,2022-04-29,Plus Member
CUST0414,Ritika Chowdhury,Female,46-55,Ahmedabad,Gujarat,West,2023-06-18,Plus Member
CUST0415,Divya Chowdhury,Female,18-25,Bhopal,Madhya Pradesh,Central,2022-11-23,Plus Member
CUST0416,Arjun Kumar,Male,18-25,Lucknow,Uttar Pradesh,North,2023-10-26,New User
CUST0417,Vikram Mehta,Male,26-35,Pune,Maharashtra,West,2023-07-20,Plus Member
CUST0418,Sanjana Gupta,Female,26-35,Bhubaneswar,Odisha,East,2023-10-07,Regular
CUST0419,Lakshmi Kumar,Female,56+,Ahmedabad,Gujarat,West,2023-04-06,Plus Member
CUST0420,Priya Patel,Female,18-25,Ahmedabad,Gujarat,West,2022-10-13,New User
CUST0421,Ajay Rao,Male,26-35,Kolkata,West Bengal,East,2022-11-30,Plus Member
CUST0422,Manoj Das,Male,46-55,Lucknow,Uttar Pradesh,North,2023-09-04,New User
CUST0423,Tanvi Verma,Female,46-55,Kolkata,West Bengal,East,2022-12-27,New User
CUST0424,Rohit Khan,Male,26-35,Chennai,Tamil Nadu,South,2023-11-20,Plus Member
CUST0425,Vikram Iyer,Male,36-45,Vijayawada,Andhra Pradesh,South,2022-07-07,New User
CUST0426,Harsha Agarwal,Male,26-35,Patna,Bihar,East,2023-09-03,New User
CUST0427,Nandini Rao,Female,56+,Indore,Madhya Pradesh,Central,2023-10-13,New User
CUST0428,Ajay Rao,Male,26-35,Indore,Madhya Pradesh,Central,2022-10-23,Regular
CUST0429,Sanjana Khan,Female,36-45,Bengaluru,Karnataka,South,2024-06-05,Regular
CUST0430,Meena Patel,Female,56+,Bhubaneswar,Odisha,East,2023-07-30,New User
CUST0431,Nandini Das,Female,46-55,Patna,Bihar,East,2023-12-29,Plus Member
CUST0432,Amit Shetty,Male,26-35,Hyderabad,Telangana,South,2024-03-25,Plus Member
CUST0433,Manoj Gupta,Male,46-55,Jaipur,Rajasthan,North,2022-06-22,New User
CUST0434,Mounika Mehta,Female,18-25,Vijayawada,Andhra Pradesh,South,2023-08-10,Plus Member
CUST0435,Mounika Sharma,Female,26-35,Bhopal,Madhya Pradesh,Central,2023-07-14,Plus Member
CUST0436,Vikram Iyer,Male,36-45,Bengaluru,Karnataka,South,2023-04-06,Plus Member
CUST0437,Abhishek Verma,Male,56+,Delhi,Delhi,North,2022-08-03,New User
CUST0438,Isha Naidu,Female,26-35,Pune,Maharashtra,West,2023-09-23,Regular
CUST0439,Rahul Shetty,Male,36-45,Kolkata,West Bengal,East,2023-06-30,New User
CUST0440,Sai Iyer,Male,36-45,Jaipur,Rajasthan,North,2023-08-10,New User
CUST0441,Kiran Naidu,Male,26-35,Bengaluru,Karnataka,South,2022-10-11,New User
CUST0442,Vikram Singh,Male,26-35,Lucknow,Uttar Pradesh,North,2024-04-28,New User
CUST0443,Shruti Singh,Female,46-55,Gurugram,Haryana,North,2023-10-05,Plus Member
CUST0444,Anjali Reddy,Female,36-45,Bhubaneswar,Odisha,East,2023-06-12,New User
CUST0445,Sanjana Das,Female,18-25,Lucknow,Uttar Pradesh,North,2023-08-19,New User
CUST0446,Abhishek Mishra,Male,56+,Chennai,Tamil Nadu,South,2024-03-25,Plus Member
CUST0447,Karthik Patel,Male,36-45,Indore,Madhya Pradesh,Central,2022-10-02,Plus Member
CUST0448,Mounika Shetty,Female,46-55,Mumbai,Maharashtra,West,2023-08-03,Plus Member
CUST0449,Rahul Verma,Male,18-25,Bhopal,Madhya Pradesh,Central,2022-01-17,Regular
CUST0450,Sanjana Kumar,Female,26-35,Patna,Bihar,East,2022-07-27,New User
CUST0451,Pooja Nair,Female,36-45,Chennai,Tamil Nadu,South,2023-11-02,Plus Member
CUST0452,Charan Rao,Male,36-45,Bengaluru,Karnataka,South,2023-02-10,New User
CUST0453,Karthik Reddy,Male,26-35,Vijayawada,Andhra Pradesh,South,2022-01-02,Plus Member
CUST0454,Kiran Shetty,Male,46-55,Delhi,Delhi,North,2023-06-16,Regular
CUST0455,Sai Verma,Male,26-35,Patna,Bihar,East,2023-12-12,Plus Member
CUST0456,Vikram Agarwal,Male,18-25,Chennai,Tamil Nadu,South,2024-01-19,Regular
CUST0457,Keerthi Iyer,Female,26-35,Mumbai,Maharashtra,West,2023-01-27,New User
CUST0458,Amit Mehta,Male,26-35,Hyderabad,Telangana,South,2023-09-17,Plus Member
CUST0459,Swathi Singh,Female,46-55,Patna,Bihar,East,2023-09-23,Regular
CUST0460,Arjun Singh,Male,46-55,Vijayawada,Andhra Pradesh,South,2023-08-27,Plus Member
CUST0461,Ritika Singh,Female,18-25,Delhi,Delhi,North,2022-10-11,Regular
CUST0462,Priya Iyer,Female,56+,Ahmedabad,Gujarat,West,2023-06-15,New User
CUST0463,Varun Iyer,Male,26-35,Bengaluru,Karnataka,South,2024-03-13,Plus Member
CUST0464,Divya Gupta,Female,56+,Indore,Madhya Pradesh,Central,2023-10-16,Regular
CUST0465,Charan Yadav,Male,56+,Mumbai,Maharashtra,West,2023-02-01,Plus Member
CUST0466,Mounika Rao,Female,18-25,Indore,Madhya Pradesh,Central,2024-02-28,Regular
CUST0467,Ravi Nair,Male,18-25,Ahmedabad,Gujarat,West,2022-02-10,Plus Member
CUST0468,Bhavya Naidu,Female,46-55,Patna,Bihar,East,2023-12-20,Regular
CUST0469,Manoj Reddy,Male,56+,Jaipur,Rajasthan,North,2022-03-22,Regular
CUST0470,Ajay Yadav,Male,18-25,Bhubaneswar,Odisha,East,2023-08-24,Plus Member
CUST0471,Kavya Sharma,Female,46-55,Delhi,Delhi,North,2022-03-30,Regular
CUST0472,Isha Khan,Female,26-35,Bengaluru,Karnataka,South,2022-11-13,Regular
CUST0473,Kiran Kumar,Male,36-45,Pune,Maharashtra,West,2023-05-24,New User
CUST0474,Pooja Mishra,Female,36-45,Mumbai,Maharashtra,West,2024-02-07,New User
CUST0475,Ravi Yadav,Male,56+,Patna,Bihar,East,2022-10-06,Regular
CUST0476,Tanvi Reddy,Female,56+,Indore,Madhya Pradesh,Central,2023-04-12,Plus Member
CUST0477,Vivek Shetty,Male,26-35,Pune,Maharashtra,West,2023-01-12,Plus Member
CUST0478,Deepak Verma,Male,56+,Delhi,Delhi,North,2024-01-29,Regular
CUST0479,Ravi Gupta,Male,36-45,Bengaluru,Karnataka,South,2023-04-29,Plus Member
CUST0480,Nikhil Sharma,Male,36-45,Patna,Bihar,East,2022-08-18,Regular
CUST0481,Ritika Nair,Female,36-45,Chennai,Tamil Nadu,South,2023-08-09,Regular
CUST0482,Nikhil Gupta,Male,18-25,Bengaluru,Karnataka,South,2023-02-15,Plus Member
CUST0483,Aishwarya Yadav,Female,46-55,Chennai,Tamil Nadu,South,2023-07-21,Regular
CUST0484,Swathi Iyer,Female,56+,Jaipur,Rajasthan,North,2024-01-28,Regular
CUST0485,Keerthi Shetty,Female,26-35,Indore,Madhya Pradesh,Central,2024-03-02,New User
CUST0486,Kiran Kumar,Male,26-35,Patna,Bihar,East,2022-01-25,New User
CUST0487,Priya Yadav,Female,46-55,Hyderabad,Telangana,South,2024-02-17,New User
CUST0488,Divya Patel,Female,46-55,Delhi,Delhi,North,2023-03-06,Regular
CUST0489,Manoj Reddy,Male,56+,Bengaluru,Karnataka,South,2022-08-26,Plus Member
CUST0490,Sanjana Reddy,Female,26-35,Vijayawada,Andhra Pradesh,South,2023-06-02,New User
CUST0491,Anjali Shetty,Female,26-35,Bengaluru,Karnataka,South,2023-03-22,Regular
CUST0492,Neha Yadav,Female,36-45,Bhubaneswar,Odisha,East,2023-12-19,Plus Member
CUST0493,Neha Gupta,Female,26-35,Chennai,Tamil Nadu,South,2022-07-27,New User
CUST0494,Kiran Verma,Male,46-55,Pune,Maharashtra,West,2023-04-06,Plus Member
CUST0495,Divya Joshi,Female,26-35,Kolkata,West Bengal,East,2024-02-28,Plus Member
CUST0496,Sanjana Nair,Female,26-35,Vijayawada,Andhra Pradesh,South,2022-04-03,New User
CUST0497,Isha Sharma,Female,36-45,Ahmedabad,Gujarat,West,2024-05-05,Regular
CUST0498,Vikram Mishra,Male,18-25,Bhubaneswar,Odisha,East,2023-06-10,New User
CUST0499,Neha Rao,Female,46-55,Hyderabad,Telangana,South,2023-02-19,New User
CUST0500,Arjun Chowdhury,Male,26-35,Vijayawada,Andhra Pradesh,South,2024-04-03,Regular
CUST0501,Rahul Gupta,Male,46-55,Mumbai,Maharashtra,West,2022-07-22,Plus Member
CUST0502,Deepak Shetty,Male,18-25,Gurugram,Haryana,North,2024-04-12,Regular
CUST0503,Suresh Chowdhury,Male,36-45,Mumbai,Maharashtra,West,2022-04-05,Regular
CUST0504,Abhishek Sharma,Male,46-55,Pune,Maharashtra,West,2023-08-11,New User
CUST0505,Shruti Kumar,Female,46-55,Bhubaneswar,Odisha,East,2023-12-01,Regular
CUST0506,Swathi Rao,Female,46-55,Gurugram,Haryana,North,2022-10-14,Regular
CUST0507,Pranay Khan,Male,36-45,Delhi,Delhi,North,2023-10-25,Plus Member
CUST0508,Mounika Das,Female,36-45,Bengaluru,Karnataka,South,2022-03-31,Plus Member
CUST0509,Karthik Patel,Male,56+,Delhi,Delhi,North,2023-10-08,Regular
CUST0510,Keerthi Das,Female,56+,Indore,Madhya Pradesh,Central,2022-12-19,New User
CUST0511,Lakshmi Nair,Female,36-45,Pune,Maharashtra,West,2022-01-27,New User
CUST0512,Ravi Nair,Male,46-55,Bengaluru,Karnataka,South,2024-04-08,New User
CUST0513,Tanvi Gupta,Female,26-35,Pune,Maharashtra,West,2022-04-13,New User
CUST0514,Manoj Joshi,Male,26-35,Bengaluru,Karnataka,South,2024-02-22,New User
CUST0515,Keerthi Rao,Female,56+,Pune,Maharashtra,West,2022-08-31,Plus Member
CUST0516,Tanvi Kumar,Female,56+,Kolkata,West Bengal,East,2023-08-05,Regular
CUST0517,Vivek Joshi,Male,46-55,Jaipur,Rajasthan,North,2022-06-29,Regular
CUST0518,Rahul Gupta,Male,56+,Delhi,Delhi,North,2022-01-21,Plus Member
CUST0519,Sai Khan,Male,26-35,Ahmedabad,Gujarat,West,2024-04-05,Plus Member
CUST0520,Sai Sharma,Male,56+,Hyderabad,Telangana,South,2022-06-01,New User
CUST0521,Arjun Mehta,Male,36-45,Kolkata,West Bengal,East,2022-03-16,New User
CUST0522,Tanvi Verma,Female,36-45,Lucknow,Uttar Pradesh,North,2022-11-06,Regular
CUST0523,Karthik Das,Male,56+,Lucknow,Uttar Pradesh,North,2022-06-28,New User
CUST0524,Kavya Shetty,Female,36-45,Pune,Maharashtra,West,2023-01-23,New User
CUST0525,Meena Rao,Female,56+,Hyderabad,Telangana,South,2023-12-20,Plus Member
CUST0526,Nikhil Khan,Male,56+,Lucknow,Uttar Pradesh,North,2024-04-08,Regular
CUST0527,Vivek Singh,Male,18-25,Lucknow,Uttar Pradesh,North,2024-02-03,Regular
CUST0528,Ritika Rao,Female,36-45,Chennai,Tamil Nadu,South,2024-04-21,Plus Member
CUST0529,Manoj Patel,Male,18-25,Delhi,Delhi,North,2023-12-11,Plus Member
CUST0530,Divya Kumar,Female,46-55,Bengaluru,Karnataka,South,2023-01-31,New User
CUST0531,Pooja Naidu,Female,36-45,Indore,Madhya Pradesh,Central,2023-01-23,New User
CUST0532,Divya Das,Female,46-55,Delhi,Delhi,North,2022-06-16,Regular
CUST0533,Rohit Kumar,Male,18-25,Lucknow,Uttar Pradesh,North,2022-09-25,Regular
CUST0534,Pooja Agarwal,Female,18-25,Pune,Maharashtra,West,2024-01-20,New User
CUST0535,Sai Khan,Male,18-25,Indore,Madhya Pradesh,Central,2023-12-23,Plus Member
CUST0536,Pranay Naidu,Male,18-25,Pune,Maharashtra,West,2022-02-24,Plus Member
CUST0537,Suresh Naidu,Male,36-45,Gurugram,Haryana,North,2023-11-08,Plus Member
CUST0538,Arjun Sharma,Male,56+,Bhubaneswar,Odisha,East,2023-08-09,Plus Member
CUST0539,Rahul Mishra,Male,18-25,Hyderabad,Telangana,South,2023-03-14,Plus Member
CUST0540,Swathi Verma,Female,26-35,Hyderabad,Telangana,South,2022-07-31,New User
CUST0541,Anjali Das,Female,46-55,Vijayawada,Andhra Pradesh,South,2022-11-12,Plus Member
CUST0542,Neha Reddy,Female,36-45,Bhubaneswar,Odisha,East,2022-07-09,Plus Member
CUST0543,Pooja Chowdhury,Female,46-55,Bengaluru,Karnataka,South,2022-09-27,Plus Member
CUST0544,Kavya Nair,Female,18-25,Bengaluru,Karnataka,South,2022-06-04,Regular
CUST0545,Mounika Naidu,Female,18-25,Delhi,Delhi,North,2023-07-21,Plus Member
CUST0546,Mounika Das,Female,36-45,Delhi,Delhi,North,2023-05-03,Regular
CUST0547,Sneha Mehta,Female,46-55,Mumbai,Maharashtra,West,2022-05-04,Regular
CUST0548,Suresh Patel,Male,46-55,Mumbai,Maharashtra,West,2022-02-13,Regular
CUST0549,Swathi Singh,Female,18-25,Gurugram,Haryana,North,2022-11-24,Regular
CUST0550,Mounika Agarwal,Female,36-45,Lucknow,Uttar Pradesh,North,2024-05-27,New User
CUST0551,Priya Khan,Female,46-55,Patna,Bihar,East,2022-04-26,Regular
CUST0552,Deepak Shetty,Male,56+,Vijayawada,Andhra Pradesh,South,2022-04-19,Regular
CUST0553,Mounika Mishra,Female,46-55,Patna,Bihar,East,2022-09-28,New User
CUST0554,Tanvi Khan,Female,26-35,Indore,Madhya Pradesh,Central,2022-02-08,Plus Member
CUST0555,Meena Khan,Female,46-55,Bhubaneswar,Odisha,East,2022-02-09,Plus Member
CUST0556,Rahul Das,Male,18-25,Gurugram,Haryana,North,2023-01-17,Plus Member
CUST0557,Aishwarya Nair,Female,18-25,Indore,Madhya Pradesh,Central,2024-05-28,Regular
CUST0558,Rohit Chowdhury,Male,46-55,Lucknow,Uttar Pradesh,North,2022-10-03,New User
CUST0559,Suresh Chowdhury,Male,46-55,Ahmedabad,Gujarat,West,2024-04-23,New User
CUST0560,Bhavya Mishra,Female,26-35,Bengaluru,Karnataka,South,2023-06-12,Regular
CUST0561,Bhavya Agarwal,Female,56+,Mumbai,Maharashtra,West,2024-03-10,New User
CUST0562,Nikhil Patel,Male,18-25,Ahmedabad,Gujarat,West,2024-05-07,Regular
CUST0563,Abhishek Sharma,Male,26-35,Kolkata,West Bengal,East,2023-12-23,Plus Member
CUST0564,Sanjana Mehta,Female,18-25,Bhubaneswar,Odisha,East,2023-10-13,New User
CUST0565,Vikram Mishra,Male,46-55,Indore,Madhya Pradesh,Central,2023-09-01,Regular
CUST0566,Tanvi Joshi,Female,26-35,Kolkata,West Bengal,East,2022-12-19,Plus Member
CUST0567,Rohit Kumar,Male,26-35,Bhubaneswar,Odisha,East,2022-02-20,New User
CUST0568,Vikram Gupta,Male,46-55,Ahmedabad,Gujarat,West,2022-10-03,New User
CUST0569,Ravi Das,Male,26-35,Mumbai,Maharashtra,West,2023-10-25,New User
CUST0570,Vikram Nair,Male,36-45,Jaipur,Rajasthan,North,2023-12-31,Plus Member
CUST0571,Keerthi Chowdhury,Female,46-55,Gurugram,Haryana,North,2022-08-12,Plus Member
CUST0572,Tanvi Verma,Female,36-45,Hyderabad,Telangana,South,2023-06-08,New User
CUST0573,Aishwarya Verma,Female,36-45,Indore,Madhya Pradesh,Central,2022-03-07,Plus Member
CUST0574,Neha Nair,Female,26-35,Jaipur,Rajasthan,North,2022-07-12,New User
CUST0575,Rahul Khan,Male,36-45,Bhubaneswar,Odisha,East,2023-11-08,New User
CUST0576,Ravi Das,Male,46-55,Jaipur,Rajasthan,North,2022-09-23,Plus Member
CUST0577,Sneha Shetty,Female,26-35,Ahmedabad,Gujarat,West,2022-12-18,New User
CUST0578,Keerthi Mehta,Female,26-35,Jaipur,Rajasthan,North,2024-05-15,New User
CUST0579,Rohit Verma,Male,36-45,Indore,Madhya Pradesh,Central,2022-05-12,New User
CUST0580,Sai Reddy,Male,26-35,Delhi,Delhi,North,2022-12-30,New User
CUST0581,Nandini Yadav,Female,56+,Kolkata,West Bengal,East,2022-09-24,Plus Member
CUST0582,Divya Das,Female,56+,Bengaluru,Karnataka,South,2024-06-06,New User
CUST0583,Vivek Patel,Male,46-55,Vijayawada,Andhra Pradesh,South,2024-06-07,New User
CUST0584,Nandini Sharma,Female,26-35,Mumbai,Maharashtra,West,2022-05-21,Plus Member
CUST0585,Tanvi Chowdhury,Female,26-35,Mumbai,Maharashtra,West,2022-11-20,Regular
CUST0586,Ritika Rao,Female,18-25,Lucknow,Uttar Pradesh,North,2023-10-12,Regular
CUST0587,Neha Patel,Female,26-35,Pune,Maharashtra,West,2023-08-14,Plus Member
CUST0588,Kiran Khan,Male,46-55,Patna,Bihar,East,2023-10-11,Plus Member
CUST0589,Shruti Agarwal,Female,56+,Hyderabad,Telangana,South,2022-02-08,Regular
CUST0590,Priya Yadav,Female,18-25,Ahmedabad,Gujarat,West,2022-01-19,New User
CUST0591,Vikram Mishra,Male,18-25,Jaipur,Rajasthan,North,2022-05-13,Plus Member
CUST0592,Pooja Reddy,Female,36-45,Bengaluru,Karnataka,South,2022-11-02,Plus Member
CUST0593,Nandini Singh,Female,36-45,Lucknow,Uttar Pradesh,North,2023-05-17,Regular
CUST0594,Varun Kumar,Male,26-35,Delhi,Delhi,North,2022-08-18,Regular
CUST0595,Deepak Mehta,Male,36-45,Pune,Maharashtra,West,2022-05-07,New User
CUST0596,Varun Nair,Male,18-25,Bengaluru,Karnataka,South,2023-09-01,New User
CUST0597,Ravi Sharma,Male,46-55,Vijayawada,Andhra Pradesh,South,2023-03-03,Plus Member
CUST0598,Ajay Nair,Male,26-35,Indore,Madhya Pradesh,Central,2023-12-20,Regular
CUST0599,Rohit Naidu,Male,56+,Vijayawada,Andhra Pradesh,South,2023-11-10,Plus Member
CUST0600,Karthik Verma,Male,18-25,Vijayawada,Andhra Pradesh,South,2022-10-17,Regular
CUST0601,Swathi Khan,Female,36-45,Ahmedabad,Gujarat,West,2024-03-07,New User
CUST0602,Charan Naidu,Male,18-25,Jaipur,Rajasthan,North,2022-06-14,New User
CUST0603,Swathi Das,Female,18-25,Lucknow,Uttar Pradesh,North,2022-08-29,Regular
CUST0604,Arjun Shetty,Male,18-25,Indore,Madhya Pradesh,Central,2022-06-02,New User
CUST0605,Arjun Nair,Male,36-45,Delhi,Delhi,North,2023-04-13,Plus Member
CUST0606,Sneha Verma,Female,18-25,Pune,Maharashtra,West,2024-06-14,Plus Member
CUST0607,Ritika Naidu,Female,18-25,Vijayawada,Andhra Pradesh,South,2022-04-08,Regular
CUST0608,Nikhil Yadav,Male,56+,Kolkata,West Bengal,East,2023-03-25,Plus Member
CUST0609,Charan Yadav,Male,46-55,Pune,Maharashtra,West,2022-04-27,Plus Member
CUST0610,Neha Agarwal,Female,46-55,Indore,Madhya Pradesh,Central,2024-03-30,New User
CUST0611,Arjun Singh,Male,26-35,Bengaluru,Karnataka,South,2024-05-14,Regular
CUST0612,Tanvi Das,Female,56+,Bhopal,Madhya Pradesh,Central,2022-07-05,Plus Member
CUST0613,Isha Kumar,Female,46-55,Mumbai,Maharashtra,West,2023-05-10,Regular
CUST0614,Sanjana Sharma,Female,36-45,Chennai,Tamil Nadu,South,2022-09-25,Regular
CUST0615,Sai Mehta,Male,26-35,Vijayawada,Andhra Pradesh,South,2023-03-20,Plus Member
CUST0616,Lakshmi Singh,Female,26-35,Bengaluru,Karnataka,South,2022-01-12,New User
CUST0617,Shruti Rao,Female,46-55,Chennai,Tamil Nadu,South,2024-02-09,Plus Member
CUST0618,Sai Nair,Male,26-35,Bengaluru,Karnataka,South,2023-06-04,New User
CUST0619,Lakshmi Gupta,Female,46-55,Chennai,Tamil Nadu,South,2023-04-16,New User
CUST0620,Anjali Das,Female,18-25,Bhopal,Madhya Pradesh,Central,2022-11-20,Plus Member
CUST0621,Arjun Agarwal,Male,56+,Patna,Bihar,East,2022-02-06,New User
CUST0622,Amit Khan,Male,56+,Jaipur,Rajasthan,North,2023-06-05,Regular
CUST0623,Ritika Mishra,Female,26-35,Bengaluru,Karnataka,South,2024-04-16,Plus Member
CUST0624,Mounika Khan,Female,36-45,Indore,Madhya Pradesh,Central,2024-01-04,New User
CUST0625,Divya Verma,Female,36-45,Delhi,Delhi,North,2022-01-03,Plus Member
CUST0626,Mounika Mehta,Female,18-25,Kolkata,West Bengal,East,2023-12-20,Regular
CUST0627,Vivek Singh,Male,36-45,Patna,Bihar,East,2022-04-20,New User
CUST0628,Suresh Verma,Male,46-55,Bhubaneswar,Odisha,East,2022-08-09,Regular
CUST0629,Divya Naidu,Female,56+,Bengaluru,Karnataka,South,2023-10-11,Regular
CUST0630,Sanjana Shetty,Female,18-25,Mumbai,Maharashtra,West,2023-05-26,New User
CUST0631,Ajay Naidu,Male,26-35,Indore,Madhya Pradesh,Central,2023-06-05,New User
CUST0632,Kiran Verma,Male,56+,Bhubaneswar,Odisha,East,2023-11-05,New User
CUST0633,Bhavya Agarwal,Female,26-35,Patna,Bihar,East,2023-09-16,Plus Member
CUST0634,Ritika Iyer,Female,26-35,Bhopal,Madhya Pradesh,Central,2024-04-04,Regular
CUST0635,Isha Mehta,Female,56+,Jaipur,Rajasthan,North,2024-05-13,Plus Member
CUST0636,Suresh Patel,Male,36-45,Jaipur,Rajasthan,North,2023-12-05,New User
CUST0637,Nikhil Mehta,Male,18-25,Lucknow,Uttar Pradesh,North,2023-12-29,Plus Member
CUST0638,Tanvi Shetty,Female,56+,Patna,Bihar,East,2023-11-22,Plus Member
CUST0639,Priya Mehta,Female,46-55,Vijayawada,Andhra Pradesh,South,2022-01-26,Regular
CUST0640,Rahul Patel,Male,26-35,Gurugram,Haryana,North,2024-02-08,Plus Member
CUST0641,Meena Sharma,Female,56+,Jaipur,Rajasthan,North,2022-07-28,Regular
CUST0642,Sanjana Verma,Female,56+,Delhi,Delhi,North,2024-01-31,Plus Member
CUST0643,Harsha Iyer,Male,46-55,Bengaluru,Karnataka,South,2023-01-26,Plus Member
CUST0644,Mounika Sharma,Female,36-45,Hyderabad,Telangana,South,2024-02-01,Regular
CUST0645,Kavya Mishra,Female,26-35,Ahmedabad,Gujarat,West,2024-03-05,Plus Member
CUST0646,Pooja Reddy,Female,56+,Pune,Maharashtra,West,2022-06-27,Regular
CUST0647,Sneha Naidu,Female,36-45,Gurugram,Haryana,North,2023-07-24,Regular
CUST0648,Deepak Nair,Male,46-55,Hyderabad,Telangana,South,2022-12-05,New User
CUST0649,Rahul Singh,Male,18-25,Lucknow,Uttar Pradesh,North,2023-09-04,New User
CUST0650,Shruti Shetty,Female,36-45,Kolkata,West Bengal,East,2022-03-16,New User
CUST0651,Nikhil Mehta,Male,56+,Chennai,Tamil Nadu,South,2024-03-16,Regular
CUST0652,Mounika Joshi,Female,36-45,Bhubaneswar,Odisha,East,2022-04-05,Regular
CUST0653,Sai Yadav,Male,26-35,Kolkata,West Bengal,East,2022-10-28,New User
CUST0654,Mounika Kumar,Female,36-45,Vijayawada,Andhra Pradesh,South,2023-11-16,Plus Member
CUST0655,Pranay Khan,Male,36-45,Delhi,Delhi,North,2022-02-10,Plus Member
CUST0656,Varun Nair,Male,56+,Jaipur,Rajasthan,North,2022-01-26,Plus Member
CUST0657,Shruti Sharma,Female,26-35,Jaipur,Rajasthan,North,2023-10-30,Plus Member
CUST0658,Arjun Rao,Male,18-25,Hyderabad,Telangana,South,2023-10-04,Regular
CUST0659,Karthik Verma,Male,46-55,Ahmedabad,Gujarat,West,2023-07-05,New User
CUST0660,Kiran Kumar,Male,36-45,Bhopal,Madhya Pradesh,Central,2024-01-05,Regular
CUST0661,Amit Sharma,Male,36-45,Pune,Maharashtra,West,2024-03-24,New User
CUST0662,Deepak Gupta,Male,46-55,Gurugram,Haryana,North,2023-02-22,Plus Member
CUST0663,Nandini Yadav,Female,18-25,Hyderabad,Telangana,South,2023-02-03,New User
CUST0664,Pranay Reddy,Male,18-25,Bengaluru,Karnataka,South,2023-12-19,Plus Member
CUST0665,Rohit Iyer,Male,46-55,Chennai,Tamil Nadu,South,2022-10-16,Plus Member
CUST0666,Priya Das,Female,26-35,Pune,Maharashtra,West,2023-07-01,Regular
CUST0667,Mounika Iyer,Female,36-45,Mumbai,Maharashtra,West,2022-11-02,Regular
CUST0668,Arjun Sharma,Male,56+,Hyderabad,Telangana,South,2023-08-10,Plus Member
CUST0669,Rohit Patel,Male,46-55,Kolkata,West Bengal,East,2022-08-05,New User
CUST0670,Nikhil Rao,Male,36-45,Delhi,Delhi,North,2023-09-24,Regular
CUST0671,Nikhil Shetty,Male,56+,Bengaluru,Karnataka,South,2024-05-21,Plus Member
CUST0672,Rohit Reddy,Male,26-35,Gurugram,Haryana,North,2022-04-11,New User
CUST0673,Ritika Mishra,Female,26-35,Mumbai,Maharashtra,West,2023-11-19,Regular
CUST0674,Isha Reddy,Female,46-55,Ahmedabad,Gujarat,West,2022-11-22,Plus Member
CUST0675,Isha Iyer,Female,56+,Mumbai,Maharashtra,West,2023-08-03,Plus Member
CUST0676,Nandini Rao,Female,26-35,Hyderabad,Telangana,South,2022-11-17,Regular
CUST0677,Neha Mishra,Female,36-45,Mumbai,Maharashtra,West,2023-11-27,Plus Member
CUST0678,Sanjana Mishra,Female,56+,Jaipur,Rajasthan,North,2023-05-14,Regular
CUST0679,Pranay Reddy,Male,26-35,Gurugram,Haryana,North,2024-05-29,New User
CUST0680,Manoj Reddy,Male,56+,Chennai,Tamil Nadu,South,2022-01-20,New User
CUST0681,Deepak Shetty,Male,56+,Bhubaneswar,Odisha,East,2024-02-27,Regular
CUST0682,Ajay Nair,Male,26-35,Indore,Madhya Pradesh,Central,2023-11-01,Plus Member
CUST0683,Kavya Shetty,Female,46-55,Jaipur,Rajasthan,North,2022-05-18,New User
CUST0684,Varun Mishra,Male,26-35,Hyderabad,Telangana,South,2023-11-10,New User
CUST0685,Harsha Singh,Male,26-35,Bhopal,Madhya Pradesh,Central,2022-06-13,New User
CUST0686,Vivek Mishra,Male,46-55,Bengaluru,Karnataka,South,2022-08-13,Regular
CUST0687,Manoj Mishra,Male,26-35,Delhi,Delhi,North,2022-02-13,New User
CUST0688,Lakshmi Das,Female,18-25,Bhopal,Madhya Pradesh,Central,2022-02-17,New User
CUST0689,Divya Mehta,Female,36-45,Gurugram,Haryana,North,2024-05-04,New User
CUST0690,Varun Agarwal,Male,18-25,Kolkata,West Bengal,East,2023-08-25,New User
CUST0691,Lakshmi Gupta,Female,36-45,Bhubaneswar,Odisha,East,2022-12-28,Plus Member
CUST0692,Isha Kumar,Female,26-35,Mumbai,Maharashtra,West,2023-03-27,Regular
CUST0693,Harsha Nair,Male,26-35,Ahmedabad,Gujarat,West,2022-06-03,Regular
CUST0694,Isha Verma,Female,36-45,Delhi,Delhi,North,2023-03-01,New User
CUST0695,Vivek Das,Male,56+,Indore,Madhya Pradesh,Central,2022-08-04,Regular
CUST0696,Priya Gupta,Female,56+,Bengaluru,Karnataka,South,2022-05-11,New User
CUST0697,Kiran Mehta,Male,26-35,Bengaluru,Karnataka,South,2023-08-10,Regular
CUST0698,Manoj Rao,Male,56+,Bhubaneswar,Odisha,East,2023-09-06,New User
CUST0699,Rohit Reddy,Male,56+,Ahmedabad,Gujarat,West,2023-04-05,Plus Member
CUST0700,Pooja Gupta,Female,26-35,Patna,Bihar,East,2023-09-08,New User
CUST0701,Pranay Mehta,Male,36-45,Gurugram,Haryana,North,2022-06-21,Plus Member
CUST0702,Vikram Agarwal,Male,18-25,Bhubaneswar,Odisha,East,2022-05-16,Regular
CUST0703,Harsha Mehta,Male,26-35,Patna,Bihar,East,2024-04-26,New User
CUST0704,Nikhil Das,Male,56+,Bengaluru,Karnataka,South,2024-06-17,New User
CUST0705,Amit Das,Male,56+,Mumbai,Maharashtra,West,2023-09-10,Regular
CUST0706,Bhavya Naidu,Female,18-25,Kolkata,West Bengal,East,2024-06-14,New User
CUST0707,Kavya Das,Female,56+,Bhubaneswar,Odisha,East,2022-12-25,New User
CUST0708,Karthik Singh,Male,26-35,Gurugram,Haryana,North,2023-05-04,Regular
CUST0709,Isha Joshi,Female,26-35,Patna,Bihar,East,2022-09-21,Regular
CUST0710,Deepak Mehta,Male,18-25,Vijayawada,Andhra Pradesh,South,2023-06-17,Plus Member
CUST0711,Sai Naidu,Male,26-35,Kolkata,West Bengal,East,2022-04-20,Plus Member
CUST0712,Neha Joshi,Female,36-45,Patna,Bihar,East,2023-08-02,New User
CUST0713,Lakshmi Patel,Female,56+,Patna,Bihar,East,2023-07-20,Plus Member
CUST0714,Charan Joshi,Male,36-45,Indore,Madhya Pradesh,Central,2022-09-17,New User
CUST0715,Lakshmi Singh,Female,26-35,Vijayawada,Andhra Pradesh,South,2024-02-05,Plus Member
CUST0716,Arjun Patel,Male,36-45,Bhubaneswar,Odisha,East,2024-03-15,New User
CUST0717,Nikhil Agarwal,Male,18-25,Hyderabad,Telangana,South,2024-04-03,Regular
CUST0718,Isha Naidu,Female,36-45,Chennai,Tamil Nadu,South,2022-03-07,Regular
CUST0719,Anjali Khan,Female,46-55,Bengaluru,Karnataka,South,2024-01-12,Plus Member
CUST0720,Isha Sharma,Female,46-55,Pune,Maharashtra,West,2023-10-18,Plus Member
CUST0721,Suresh Mehta,Male,18-25,Jaipur,Rajasthan,North,2022-07-19,New User
CUST0722,Pranay Rao,Male,26-35,Bengaluru,Karnataka,South,2023-01-04,New User
CUST0723,Nikhil Reddy,Male,46-55,Gurugram,Haryana,North,2024-03-09,Plus Member
CUST0724,Lakshmi Shetty,Female,18-25,Ahmedabad,Gujarat,West,2023-06-15,New User
CUST0725,Amit Joshi,Male,56+,Jaipur,Rajasthan,North,2024-01-14,New User
CUST0726,Keerthi Nair,Female,26-35,Delhi,Delhi,North,2023-09-13,Plus Member
CUST0727,Tanvi Kumar,Female,46-55,Gurugram,Haryana,North,2022-06-29,New User
CUST0728,Ajay Reddy,Male,18-25,Jaipur,Rajasthan,North,2022-12-15,New User
CUST0729,Mounika Shetty,Female,46-55,Gurugram,Haryana,North,2023-12-12,Plus Member
CUST0730,Kavya Yadav,Female,46-55,Bhopal,Madhya Pradesh,Central,2023-11-29,New User
CUST0731,Vivek Verma,Male,46-55,Gurugram,Haryana,North,2022-03-11,New User
CUST0732,Vikram Yadav,Male,56+,Patna,Bihar,East,2022-12-28,New User
CUST0733,Manoj Gupta,Male,46-55,Jaipur,Rajasthan,North,2022-04-06,New User
CUST0734,Anjali Joshi,Female,36-45,Pune,Maharashtra,West,2023-05-03,Plus Member
CUST0735,Deepak Nair,Male,26-35,Pune,Maharashtra,West,2024-02-04,Plus Member
CUST0736,Vikram Gupta,Male,26-35,Gurugram,Haryana,North,2022-07-31,Regular
CUST0737,Pranay Mishra,Male,18-25,Mumbai,Maharashtra,West,2024-03-08,Regular
CUST0738,Vivek Khan,Male,56+,Hyderabad,Telangana,South,2024-02-22,Regular
CUST0739,Keerthi Khan,Female,56+,Lucknow,Uttar Pradesh,North,2023-05-20,Plus Member
CUST0740,Pooja Mehta,Female,26-35,Gurugram,Haryana,North,2023-02-12,New User
CUST0741,Rahul Mehta,Male,56+,Patna,Bihar,East,2023-05-05,Regular
CUST0742,Lakshmi Rao,Female,56+,Bhopal,Madhya Pradesh,Central,2022-05-04,Plus Member
CUST0743,Priya Kumar,Female,56+,Ahmedabad,Gujarat,West,2023-01-24,Regular
CUST0744,Keerthi Khan,Female,56+,Gurugram,Haryana,North,2022-07-11,Plus Member
CUST0745,Manoj Das,Male,26-35,Lucknow,Uttar Pradesh,North,2023-01-10,Plus Member
CUST0746,Swathi Naidu,Female,46-55,Kolkata,West Bengal,East,2023-01-09,Plus Member
CUST0747,Pooja Shetty,Female,26-35,Mumbai,Maharashtra,West,2023-08-13,Regular
CUST0748,Kavya Joshi,Female,46-55,Patna,Bihar,East,2024-05-26,Regular
CUST0749,Kiran Das,Male,46-55,Hyderabad,Telangana,South,2022-06-30,Plus Member
CUST0750,Harsha Joshi,Male,46-55,Lucknow,Uttar Pradesh,North,2024-03-15,Plus Member
CUST0751,Mounika Shetty,Female,18-25,Bengaluru,Karnataka,South,2023-02-12,New User
CUST0752,Rahul Patel,Male,18-25,Gurugram,Haryana,North,2023-05-03,Plus Member
CUST0753,Neha Mishra,Female,56+,Kolkata,West Bengal,East,2023-07-28,Plus Member
CUST0754,Priya Naidu,Female,56+,Vijayawada,Andhra Pradesh,South,2022-12-26,Regular
CUST0755,Rohit Mishra,Male,56+,Lucknow,Uttar Pradesh,North,2023-11-21,Plus Member
CUST0756,Anjali Agarwal,Female,26-35,Jaipur,Rajasthan,North,2023-04-20,Regular
CUST0757,Nandini Khan,Female,18-25,Bhubaneswar,Odisha,East,2024-05-19,Regular
CUST0758,Sai Gupta,Male,36-45,Lucknow,Uttar Pradesh,North,2022-11-21,New User
CUST0759,Isha Agarwal,Female,36-45,Gurugram,Haryana,North,2023-04-01,New User
CUST0760,Nandini Rao,Female,18-25,Pune,Maharashtra,West,2024-05-24,Regular
CUST0761,Manoj Reddy,Male,46-55,Ahmedabad,Gujarat,West,2022-06-20,Regular
CUST0762,Amit Das,Male,46-55,Bengaluru,Karnataka,South,2022-01-27,New User
CUST0763,Arjun Nair,Male,46-55,Mumbai,Maharashtra,West,2022-03-28,Plus Member
CUST0764,Vikram Iyer,Male,26-35,Bhopal,Madhya Pradesh,Central,2023-10-04,Regular
CUST0765,Ravi Sharma,Male,36-45,Kolkata,West Bengal,East,2024-05-31,Plus Member
CUST0766,Mounika Nair,Female,56+,Bhopal,Madhya Pradesh,Central,2022-05-19,Regular
CUST0767,Tanvi Naidu,Female,46-55,Jaipur,Rajasthan,North,2022-12-22,New User
CUST0768,Amit Chowdhury,Male,46-55,Jaipur,Rajasthan,North,2023-01-10,Plus Member
CUST0769,Rohit Kumar,Male,26-35,Hyderabad,Telangana,South,2023-06-20,Plus Member
CUST0770,Shruti Joshi,Female,46-55,Hyderabad,Telangana,South,2023-12-06,Plus Member
CUST0771,Priya Naidu,Female,26-35,Jaipur,Rajasthan,North,2023-09-04,Regular
CUST0772,Swathi Naidu,Female,26-35,Patna,Bihar,East,2023-02-09,Regular
CUST0773,Lakshmi Gupta,Female,46-55,Gurugram,Haryana,North,2022-03-23,New User
CUST0774,Harsha Khan,Male,56+,Gurugram,Haryana,North,2022-10-19,Plus Member
CUST0775,Swathi Reddy,Female,36-45,Pune,Maharashtra,West,2022-05-20,Regular
CUST0776,Isha Chowdhury,Female,56+,Gurugram,Haryana,North,2023-12-19,Plus Member
CUST0777,Sai Kumar,Male,56+,Mumbai,Maharashtra,West,2022-02-20,Regular
CUST0778,Arjun Iyer,Male,46-55,Gurugram,Haryana,North,2022-05-09,New User
CUST0779,Vikram Reddy,Male,46-55,Mumbai,Maharashtra,West,2022-01-16,Regular
CUST0780,Nandini Iyer,Female,46-55,Indore,Madhya Pradesh,Central,2023-01-16,New User
CUST0781,Sai Reddy,Male,36-45,Mumbai,Maharashtra,West,2022-02-27,Plus Member
CUST0782,Ajay Das,Male,36-45,Pune,Maharashtra,West,2022-07-16,Plus Member
CUST0783,Arjun Gupta,Male,46-55,Bhubaneswar,Odisha,East,2024-02-29,Regular
CUST0784,Suresh Chowdhury,Male,26-35,Vijayawada,Andhra Pradesh,South,2023-06-18,Plus Member
CUST0785,Aishwarya Yadav,Female,18-25,Pune,Maharashtra,West,2023-10-07,New User
CUST0786,Manoj Das,Male,36-45,Jaipur,Rajasthan,North,2022-07-23,Regular
CUST0787,Arjun Gupta,Male,18-25,Patna,Bihar,East,2022-11-29,Regular
CUST0788,Tanvi Verma,Female,26-35,Bhubaneswar,Odisha,East,2024-03-19,Regular
CUST0789,Deepak Das,Male,18-25,Mumbai,Maharashtra,West,2023-01-16,Regular
CUST0790,Vivek Reddy,Male,18-25,Lucknow,Uttar Pradesh,North,2024-02-17,Regular
CUST0791,Meena Joshi,Female,46-55,Vijayawada,Andhra Pradesh,South,2022-05-09,Regular
CUST0792,Mounika Mishra,Female,26-35,Bhopal,Madhya Pradesh,Central,2024-01-21,Regular
CUST0793,Keerthi Singh,Female,46-55,Gurugram,Haryana,North,2022-02-10,New User
CUST0794,Mounika Iyer,Female,56+,Indore,Madhya Pradesh,Central,2022-07-14,Regular
CUST0795,Ritika Chowdhury,Female,56+,Gurugram,Haryana,North,2024-06-07,New User
CUST0796,Amit Mehta,Male,36-45,Mumbai,Maharashtra,West,2023-04-06,Plus Member
CUST0797,Sanjana Kumar,Female,26-35,Bhubaneswar,Odisha,East,2024-01-22,Regular
CUST0798,Isha Gupta,Female,18-25,Lucknow,Uttar Pradesh,North,2024-01-09,New User
CUST0799,Swathi Mehta,Female,56+,Indore,Madhya Pradesh,Central,2024-02-24,Regular
CUST0800,Ritika Naidu,Female,18-25,Lucknow,Uttar Pradesh,North,2022-04-24,New User
CUST0001,Ravi Nair,Male,26-35,Delhi,Delhi,North,2022-08-17,New User
